SPGTable,,,,,,,,,,,,,,,,,,,,,,,,,,,,,,,,,,,,,,,,,,,,,,,,,,,,,,,,,,,,,,,,,,,,,,,,,,,,,,,,,,,,,,,,,,,,,,,,,,,,,,,,,,,,,,,,,,,,,,,,,,,,,,,,,,,,,,,,,,
,,4007308,4348291,4092820,4010203,4306680,4972886,5737378,4066994,4004086,4994491,4069317,4133271,4338167,4714599,4989802,4101861,5144759,6863895,7192475,4206401,5992950,6950796,4150067,4074390,4072680,4412084,4388431,8581385,25869381,4004350,4001616,5330448,7682850,4068060,4896737,4121470,4040823,4977218,4004341,4619073,4773271,4111501,4968132,5155441,4057056,4914509,10721065,4144672,4981251,113873,4275565,4992262,108009705,4004201,19230515,4010641,4773655,5730751,6623431,4095387,4350960,4990439,4996606,20085583,4283738,105223,4355113,29724772,4547508,4275772,4004136,4999128,4120239,4398514,4100855,4004318,4121199,14345870,4004104,4914124,4970781,4095638,4987965,4069640,4982229,105135,114744693,4352316,4989735,4087349,110714273,4280272,4987518,6675493,4385530,4069910,4021829,4812824,4915902,5931488,10836633,4066321,4910566,9037983,4014547,4355493,4010846,101477040,4041363,4210825,4010841,4095757,4987464,6331267,4864143,4911452,4980858,4995500,9385215,4135999,4976675,4001600,4968196,4070675,10303371,4915603,4884928,4064204,4228223,138815179,4107956,4987606,4011157,4242781,4057229,4011165,4001764
,,FQ12023,FQ12023,FQ12023,FQ12023,FQ12023,FQ12023,FQ12023,FQ12023,FQ12023,FQ12023,FQ12023,FQ12023,FQ12023,FQ12023,FQ12023,FQ12023,FQ12023,FQ12023,FQ12023,FQ12023,FQ12023,FQ12023,FQ12023,FQ12023,FQ12023,FQ12023,FQ12023,FQ12023,FQ12023,FQ12023,FQ12023,FQ12023,FQ12023,FQ12023,FQ12023,FQ12023,FQ12023,FQ12023,FQ12023,FQ12023,FQ12023,FQ12023,FQ12023,FQ12023,FQ12023,FQ12023,FQ12023,FQ12023,FQ12023,FQ12023,FQ12023,FQ12023,FQ12023,FQ12023,FQ12023,FQ12023,FQ12023,FQ12023,FQ12023,FQ12023,FQ12023,FQ12023,FQ12023,FQ12023,FQ12023,FQ12023,FQ12023,FQ12023,FQ12023,FQ12023,FQ12023,FQ12023,FQ12023,FQ12023,FQ12023,FQ12023,FQ12023,FQ12023,FQ12023,FQ12023,FQ12023,FQ12023,FQ12023,FQ12023,FQ12023,FQ12023,FQ12023,FQ12023,FQ12023,FQ12023,FQ12023,FQ12023,FQ12023,FQ12023,FQ12023,FQ12023,FQ12023,FQ12023,FQ12023,FQ12023,FQ12023,FQ12023,FQ12023,FQ12023,FQ12023,FQ12023,FQ12023,FQ12023,FQ12023,FQ12023,FQ12023,FQ12023,FQ12023,FQ12023,FQ12023,FQ12023,FQ12023,FQ12023,FQ12023,FQ12023,FQ12023,FQ12023,FQ12023,FQ12023,FQ12023,FQ12023,FQ12023,FQ12023,FQ12023,FQ12023,FQ12023,FQ12023,FQ12023,FQ12023,FQ12023,FQ12023,FQ12023
,,Current/Restated,Current/Restated,Current/Restated,Current/Restated,Current/Restated,Current/Restated,Current/Restated,,,,,,,,,,,,,,,,,,,,,,,,,,,,,,,,,,,,,,,,,,,,,,,,,,,,,,,,,,,,,,,,,,,,,,,,,,,,,,,,,,,,,,,,,,,,,,,,,,,,,,,,,,,,,,,,,,,,,,,,,,,,,,,,,,
Period Ended,275657,3/31/2023,9/30/2022,3/31/2023,3/31/2023,9/30/2022,3/31/2023,,4/1/2023,3/31/2023,3/31/2023,4/30/2022,12/31/2022,3/31/2023,9/30/2022,3/31/2023,8/28/2022,3/31/2023,3/31/2023,3/31/2023,3/31/2023,3/31/2023,,3/31/2023,3/31/2023,3/31/2023,,4/1/2023,3/31/2023,9/30/2022,3/31/2023,3/31/2023,3/31/2023,3/31/2023,3/31/2023,3/31/2023,3/31/2023,3/31/2023,3/31/2023,3/31/2023,3/31/2023,9/30/2022,3/31/2023,7/31/2022,,3/31/2023,3/31/2023,5/31/2022,6/30/2022,9/30/2022,3/31/2023,4/1/2023,3/31/2023,3/31/2023,3/31/2023,3/31/2023,3/31/2023,3/31/2023,,6/30/2022,4/2/2023,9/30/2022,,9/30/2022,,3/31/2023,1/31/2023,3/31/2023,6/30/2022,3/31/2023,3/31/2023,5/21/2022,,4/30/2022,3/31/2023,3/31/2023,4/29/2022,3/31/2023,7/31/2022,4/30/2022,3/31/2023,3/31/2023,3/31/2023,3/31/2023,6/30/2022,3/31/2023,3/31/2023,3/31/2023,3/31/2023,6/30/2022,3/31/2023,2/28/2023,4/1/2023,7/31/2022,3/31/2023,3/31/2023,3/31/2023,3/31/2023,3/31/2023,3/31/2023,9/30/2022,3/31/2023,3/31/2023,11/30/2022,9/30/2022,3/31/2023,3/31/2023,3/31/2023,,8/31/2022,3/31/2023,3/31/2023,3/31/2023,4/2/2023,3/31/2023,3/31/2023,9/30/2022,3/31/2023,3/31/2023,12/31/2022,3/31/2023,3/31/2023,3/31/2023,12/31/2022,4/29/2022,3/31/2023,9/30/2022,3/31/2023,10/1/2022,3/31/2023,,2/3/2023,3/31/2023,3/31/2023,6/30/2022,3/31/2023,3/31/2023,
Financial Filing Date,309159,5/6/2024,3/18/2024,5/3/2024,8/2/2024,2/21/2024,5/13/2024,,5/2/2024,4/24/2024,5/13/2024,6/2/2023,2/1/2024,8/5/2024,2/20/2024,5/8/2024,10/5/2023,4/24/2024,4/19/2023,5/30/2024,5/9/2024,4/26/2024,,4/24/2024,4/30/2024,4/25/2024,,5/9/2024,5/12/2023,2/22/2024,8/5/2024,5/2/2024,5/9/2024,9/23/2024,4/25/2024,5/14/2024,5/7/2024,4/22/2024,5/7/2024,4/24/2024,7/18/2024,2/21/2024,5/9/2024,9/12/2023,,5/2/2024,5/15/2024,11/6/2023,7/27/2023,2/21/2024,4/25/2024,5/9/2024,4/24/2024,4/30/2024,5/2/2024,8/30/2024,4/24/2024,8/29/2023,,8/12/2022,5/1/2024,3/14/2024,,2/22/2024,,5/2/2024,2/28/2024,5/29/2024,8/8/2023,4/25/2024,4/19/2024,6/23/2023,,6/1/2023,4/30/2024,8/8/2024,6/1/2023,4/26/2024,9/28/2023,6/6/2023,5/14/2024,5/10/2024,5/8/2024,5/15/2024,8/2/2023,9/16/2024,7/26/2024,10/15/2024,5/16/2024,8/30/2023,4/25/2024,6/4/2024,5/2/2024,12/12/2023,8/21/2024,5/2/2024,4/25/2024,4/24/2024,6/13/2024,7/24/2024,2/21/2024,5/13/2024,4/26/2024,4/11/2024,2/19/2024,4/24/2024,5/28/2024,5/1/2024,,9/12/2023,5/31/2023,5/7/2024,5/10/2024,5/9/2024,4/23/2024,4/20/2023,3/4/2024,4/25/2024,5/10/2024,5/28/2024,4/23/2024,5/15/2024,4/23/2024,1/25/2024,6/5/2023,5/27/2024,2/29/2024,5/8/2024,11/1/2023,4/26/2024,,3/7/2024,7/24/2023,4/25/2024,8/9/2023,4/25/2024,5/6/2024,
Spot Exchange Rate,275660,1.000000,0.644247,1.000000,1.000000,0.644247,0.232196,NA,1.000000,1.000000,0.029357,1.000000,1.000000,0.752021,0.644247,0.232196,1.000000,0.096568,0.000043,0.739093,1.000000,0.000067,NA,1.000000,1.000000,1.000000,NA,1.000000,1.086484,0.644247,1.000000,1.000000,0.029357,1.086484,1.000000,1.086484,1.000000,1.000000,1.000000,1.000000,1.086484,0.644247,1.000000,0.780238,NA,1.000000,0.232196,0.064017,1.000000,0.644247,1.000000,1.000000,1.000000,1.000000,1.000000,0.670556,1.000000,1.086484,NA,0.012655,1.000000,0.644247,NA,1.114293,NA,1.000000,1.000000,0.739093,1.000000,1.000000,1.000000,1.000000,NA,1.000000,1.000000,1.000000,1.000000,1.000000,0.780238,1.000000,0.029357,0.219578,1.000000,0.232196,1.000000,0.626370,1.000000,0.029357,0.739093,0.226963,1.000000,0.734986,1.000000,1.216737,0.670556,1.000000,1.000000,1.000000,1.409046,0.000043,0.644247,1.086484,1.000000,0.058939,0.644247,1.000000,0.739093,1.000000,NA,1.000000,1.086484,1.000000,1.000000,1.000000,1.000000,0.000043,0.055504,1.000000,0.029357,0.679671,1.000000,1.000000,1.000000,0.143678,1.000000,0.739093,0.644247,1.000000,1.000000,1.000000,NA,1.000000,0.000043,1.000000,1.000000,1.000000,1.000000,NA
Average Exchange Rate,275661,1.000000,0.683194,1.000000,1.000000,0.683194,0.227851,NA,1.000000,1.000000,0.029476,1.000000,1.000000,0.750276,0.683194,0.227851,1.000000,0.095790,0.000042,0.739372,1.000000,0.000066,NA,1.000000,1.000000,1.000000,NA,1.000000,1.072944,0.683194,1.000000,1.000000,0.029476,1.072944,1.000000,1.072944,1.000000,1.000000,1.000000,1.000000,1.072944,0.683194,1.000000,0.777302,NA,1.000000,0.227851,0.065444,1.000000,0.683194,1.000000,1.000000,1.000000,1.000000,1.000000,0.683553,1.000000,1.072944,NA,0.012952,1.000000,0.683194,NA,1.176689,NA,1.000000,1.000000,0.739372,1.000000,1.000000,1.000000,1.000000,NA,1.000000,1.000000,1.000000,1.000000,1.000000,0.777302,1.000000,0.029476,0.218108,1.000000,0.227851,1.000000,0.629559,1.000000,0.029476,0.739372,0.229876,1.000000,0.741225,1.000000,1.225432,0.683553,1.000000,1.000000,1.000000,1.408834,0.000042,0.683194,1.072944,1.000000,0.056496,0.683194,1.000000,0.739372,1.000000,NA,1.000000,1.072944,1.000000,1.000000,1.000000,1.000000,0.000042,0.058719,1.000000,0.029476,0.657581,1.000000,1.000000,1.000000,0.137384,1.000000,0.739372,0.683194,1.000000,1.000000,1.000000,NA,1.000000,0.000042,1.000000,1.000000,1.000000,1.000000,NA
 ,,,,,,,,,,,,,,,,,,,,,,,,,,,,,,,,,,,,,,,,,,,,,,,,,,,,,,,,,,,,,,,,,,,,,,,,,,,,,,,,,,,,,,,,,,,,,,,,,,,,,,,,,,,,,,,,,,,,,,,,,,,,,,,,,,,,,,,,,,
Balance Sheet ($000),,,,,,,,,,,,,,,,,,,,,,,,,,,,,,,,,,,,,,,,,,,,,,,,,,,,,,,,,,,,,,,,,,,,,,,,,,,,,,,,,,,,,,,,,,,,,,,,,,,,,,,,,,,,,,,,,,,,,,,,,,,,,,,,,,,,,,,,,,
Cash & Short-term Investments,268525,"10,000","3,996","31,561,000","154,000","434,706",10,NA,"205,554","14,743,000","226,318","651,000","612,000","49,968","4,389","786,131","67,400","12,947","2,450",827,"18,838","26,687",NA,"173,900","675,000","17,146",NA,"201,587","126,454","10,590","1,469,000","1,898,000","2,407","9,732","272,426","137,272","544,000","232,500","193,970","2,127,262","538,896","70,241","330,000","28,603",NA,"522,000",341,"5,749","68,281","9,288","28,623,000","127,111","672,800","2,324,000","1,146,000","9,060","1,879,000","5,303,129",NA,"1,815,666","372,800","108,951",NA,"213,276",NA,"938,000","1,769,000","2,471","1,871,000","204,000","424,000","1,382,000",NA,"646,000","42,966","2,951,000","4,043,000","11,674,000",989,"672,000","236,428","25,977","3,708,100",116,"2,233,000","103,000","3,969,000",759,"5,067",450,"3,913,000","3,657","1,022,000","28,427",695,"141,560","2,495,000","552,000",211,"8,893","91,539","319,720","271,000","31,579","63,958","757,000","3,539","681,000",NA,"11,220,000","99,092","1,165,000","597,000","30,783","324,300",537,"41,875","1,226,871","529,195","1,684","227,633","164,655","5,893,000","13,142","56,000","4,589",11,"82,085","437,670","796,000",NA,"174,037","1,429","5,521,000","221,520","2,351,000","477,000",NA
"Net Property, Plant & Equipment",268541,"31,735,000","16,476","5,460,000","9,179,000","6,769,359",4,NA,"579,451","10,493,000","369,109","2,117,000","6,247,000","324,529",101,"151,551","2,704,600","2,871","2,523",951,"45,692","64,551",NA,"2,095,400","27,617,000","7,356,320",NA,"1,902,544","121,635","1,882","34,782,000","64,625,000","18,142","2,421","1,011,707","59,886","113,961,000","1,654,500","1,090,738","18,233,700","183,616","8,610","80,817,000","46,632",NA,"70,117,000","2,683","473,816","1,661,124","64,983","38,680,000","225,657","580,600","2,327,000","15,137,000",1,"5,339,000","10,185,246",NA,NA,"509,100","138,373",NA,"229,322",NA,"28,085,000","4,006,000","2,506","3,824,000","3,372,000","35,639,000","30,969,000",NA,"10,014,000","40,673","34,300,000","23,021,000","19,121,000",NA,"8,337,000","171,246","253,810","36,402,700",81,"3,681,000","162,171","10,130,000",NA,136,745,"1,593,000",NA,"1,399,000","32,127",58,"2,006,833","10,617,000","32,240,000","4,187","21,839",NA,"217,613","1,784,000","3,681","9,953","3,957,000",NA,"20,040,000",NA,"12,280,000","3,017","59,021,000","15,542,000","519,821","1,170,000","3,548","397,095","27,987,542","872,353",211,"6,019,940","1,274,301","16,993,000","12,260","284,000",NA,786,"8,234,067","5,167,272","60,000",NA,"658,720",NA,"30,780,000","4,209,868","132,934,000","32,095,000",NA
Total Assets,268552,"38,064,000","22,118","88,720,000","13,213,000","10,140,253",261,NA,"20,276,532","136,347,000","1,836,041","4,860,000","53,129,000","860,907","5,112","1,799,321","22,219,500","57,034","6,799","10,477","1,002,221","250,898",NA,"6,273,500","37,752,000","8,340,145",NA,"7,699,439","732,207","21,216","41,478,000","105,325,000","34,087","100,829","10,804,645","1,222,053","178,833,000","11,583,900","3,165,571","22,690,454","9,973,924","323,361","104,521,000","344,783",NA,"96,925,000","10,610","490,040","2,770,859","120,570","256,800,000","1,085,995","15,804,800","32,637,000","28,822,000","170,948","23,619,000","28,817,797",NA,NA,"8,923,700","314,010",NA,"2,102,225",NA,"52,711,000","36,148,000","15,030","12,304,000","51,660,000","68,931,000","49,091,000",NA,"15,253,000","3,100,923","40,265,000","49,725,000","35,546,000","1,016","16,972,000","592,959","491,243","52,014,400","6,600","62,295,000","446,681","46,886,000",NA,"5,225","2,941","36,826,000","3,845","12,353,000","102,374","2,607","9,055,336","44,244,000","39,169,000","26,980","84,717","93,530","873,556","13,276,000","94,156","96,415","10,840,000","5,452","24,464,000",NA,"130,309,000","7,581,981","71,600,000","27,456,000","2,816,830","5,289,900","20,281","1,442,413","32,870,487","1,697,653","11,489","6,882,267","2,612,312","161,636,000","80,003","5,716,000","4,601","1,603","11,810,173","22,210,943","3,736,000",NA,"3,654,946",NA,"60,177,000","6,483,355","377,716,000","48,936,000",NA
Net Debt,268593,"15,519,000","(3,996)","30,034,000","5,787,000","6,751,426",(10),NA,"3,657,766","40,648,000","720,604","5,387,000","15,844,000","326,558","-4,389","-737,006","8,974,800","-2,766","-2,450","6,677","435,345","113,988",NA,"4,248,800","15,845,000","2,377,141",NA,"2,967,208","109,160","-8,011","17,034,000","46,561,000","10,043","51,918","3,203,503","520,723","76,515,000","5,570,500","953,787","3,344,545","1,760,104","-33,896","47,737,000","-8,587",NA,"41,262,000","3,422","166,838","1,086,153","12,569","112,285,000","294,372","2,421,600","8,256,000","6,651,000","-9,060","7,089,000","820,730",NA,"-1,809,430","3,740,300","-31,609",NA,"98,392",NA,"39,634,000","10,388,000","-2,452","2,499,000","13,801,000","31,380,000","19,369,000",NA,"6,557,000","1,008,540","24,079,000","29,619,000","-2,298,000",-989,"5,352,000","-147,200","253,965","46,291,600",348,"5,199,000","-85,498","12,971,000",-658,"-4,915",-258,"21,474,000","-3,657","5,499,000","-26,761","1,654","3,357,591","13,812,000","14,970,000","1,084","2,241","-71,044","126,475","6,086,000","-27,785","-54,717","2,483,000","-3,539","12,625,000",NA,"80,357,000","5,204,929","19,501,000","7,706,000","1,478,225","1,890,900",-537,"221,807","20,821,155","-313,628","-1,491","1,624,558","261,903","30,217,000","-4,832","2,557,000",292,753,"5,004,922","11,111,514","-95,000",NA,"993,620","-1,429","5,910,000","2,775,521","183,850,000","23,935,000",NA
Total Debt,274444,"15,529,000",0,"61,595,000","5,941,000","7,186,131",0,NA,"3,863,320","55,391,000","946,922","6,038,000","16,456,000","376,526",0,"49,126","9,042,200","10,181",0,"7,504","454,183","140,675",NA,"4,422,700","16,520,000","2,394,287",NA,"3,168,795","235,614","2,579","18,503,000","48,459,000","12,450","61,650","3,475,929","657,994","77,059,000","5,803,000","1,147,757","5,471,807","2,299,000","36,345","48,067,000","20,016",NA,"41,784,000","3,764","172,587","1,154,434","21,857","140,908,000","421,483","3,094,400","10,580,000","7,797,000",0,"8,968,000","6,123,859",NA,"6,235","4,113,100","77,342",NA,"311,668",NA,"40,572,000","12,157,000",18,"4,370,000","14,005,000","31,804,000","20,751,000",NA,"7,203,000","1,051,506","27,030,000","33,662,000","9,376,000",0,"6,024,000","89,227","279,942","49,999,700",464,"7,432,000","17,501","16,940,000",101,152,192,"25,387,000",0,"6,521,000","1,666","2,349","3,499,151","16,641,000","15,522,000","1,294","11,133","20,495","446,195","6,357,000","3,795","9,241","3,240,000",0,"13,306,000",NA,"91,577,000","5,304,021","20,666,000","8,303,000","1,509,008","2,215,200",0,"263,682","22,048,026","215,567",193,"1,852,191","426,558","36,110,000","8,310","2,640,000","4,881",764,"5,087,007","11,549,184","843,000",NA,"1,167,657",0,"11,431,000","2,997,041","186,201,000","24,412,000",NA
Total Common Equity,268583,"10,607,000","21,210","5,348,000","444,000","1,448,338",53,NA,"5,530,532.00","-15,508,000.00","531,934.67","-2,659,000.00","25,471,000.00","208,818.95","4,850.31","316,836.09","8,504,300.00","27,856.47","6,462.32","-2,064.76","384,987.00","30,306.94",NA,"704,200.00","9,566,000.00","3,567,296.00",NA,"3,108,597.00","235,438.94","16,258.25","12,326,000.00","26,573,000.00","16,571.18","34,616.00","4,460,561.00","137,664.06","47,298,000.00","4,064,000.00","1,148,178.51","12,112,134.00","6,504,780.53","260,512.82","27,070,000.00","179,596.77",NA,"25,066,000.00","4,520.66","277,162.46","1,123,781.00","79,034.92","42,366,000.00","369,132.00","9,869,900.00","6,690,000.00","11,925,000.00","14,432.26","8,415,000.00","14,444,480.66",NA,"2,444,115.23","2,730,800.00","203,977.59",NA,"742,007.73",NA,"-2,495,000.00","-3,730,000.00","9,572.15","2,117,000.00","25,103,000.00","30,757,000.00","9,411,000.00",NA,"4,456,000.00","1,674,229.00","1,902,000.00","-6,877,000.00","10,302,000.00","1,001.77","3,278,000.00","404,164.80","93,107.51","-5,776,100.00","5,779.13","-2,004,000.00","333,832.76","15,298,000.00","3,306.28","5,039.03","2,499.32","-3,876,000.00","3,230.03","234,000.00","48,914.06","-1,199.28","2,646,304.00","15,136,000.00","12,727,000.00","10,671.39","54,956.62","72,452.00","141,141.89","3,333,000.00","87,834.36","72,247.13","4,791,000.00","5,302.00","7,132,000.00",NA,"-5,875,000.00","1,652,087.14","20,429,000.00","7,950,000.00","969,822.00","1,152,100.00","12,466.99","652,025.16","2,851,618.00","1,338,765.36","7,711.60","3,305,455.00","535,871.45","72,795,000.00","50,172.63","1,640,000.00","-1,174.45",59.42,"3,296,156.00","1,115,341.00","825,000.00",NA,"1,444,171.00","5,222.07","24,977,000.00","2,652,859.00","92,883,000.00","11,750,000.00",NA
Total Equity,268585,"10,736,000","21,354","5,348,000","1,433,000","1,448,338",53,NA,"5,600,180.00","-15,484,000.00","530,412.39","-2,658,000.00","25,473,000.00","300,528.67","4,850.31","327,217.13","8,576,700.00","27,856.47","6,462.32","-2,064.76","384,987.00","47,983.92",NA,"704,200.00","10,356,000.00","3,567,296.00",NA,"3,156,818.00","253,672.32","16,258.25","12,334,000.00","28,356,000.00","16,571.46","34,616.00","4,460,561.00","187,634.72","51,951,000.00","4,082,200.00","1,148,178.51","12,153,588.00","6,504,780.53","257,519.01","41,163,000.00","181,743.21",NA,"25,066,000.00","4,901.00","294,865.92","1,123,781.00","79,034.92","42,197,000.00","366,289.00","9,875,700.00","6,897,000.00","12,207,000.00","14,432.26","8,445,000.00","16,827,466.31",NA,"2,444,589.80","2,758,700.00","203,977.59",NA,"742,007.73",NA,"232,000.00","-3,730,000.00","9,664.61","2,212,000.00","25,102,000.00","32,114,000.00","9,393,000.00",NA,"4,456,000.00","1,674,229.00","5,440,000.00","-6,877,000.00","10,302,000.00","1,001.77","3,278,000.00","413,719.38","106,918.30","-5,776,100.00","5,779.13","-1,472,000.00","403,866.58","15,351,000.00","3,306.28","5,039.03","2,499.32","-3,826,000.00","3,230.03","249,000.00","48,914.06","-1,199.28","2,647,632.00","15,136,000.00","12,727,000.00","10,671.39","58,651.66","72,452.00","157,860.71","3,333,000.00","88,332.04","72,247.13","4,837,000.00","5,302.00","7,132,000.00",NA,"-5,449,000.00","1,987,945.46","30,271,000.00","13,483,000.00","969,822.00","1,154,800.00","12,466.99","642,504.77","3,025,421.00","1,338,792.43","7,711.60","3,305,455.00","553,122.27","74,385,000.00","50,172.63","1,650,000.00","-1,174.45",59.42,"3,423,182.00","1,146,549.00","825,000.00",NA,"1,444,171.00","5,222.07","27,067,000.00","2,702,112.00","94,219,000.00","14,323,000.00",NA
Current Ratio (x),274464,0.75,7.39,3.15,1.11,1.17,1.76,NA,1.62,1.16,1.28,1.41,1.07,1.85,19.12,1.12,0.78,1.48,12.71,1.25,1.35,0.95,NA,0.54,1.00,0.50,NA,1.48,1.80,3.87,1.45,0.75,1.46,34.33,1.32,1.64,0.77,0.77,1.28,1.48,3.47,7.42,1.12,1.85,NA,0.96,1.28,0.92,2.39,0.77,1.20,2.64,0.93,1.17,1.44,1.06,2.14,1.57,NA,NA,1.34,11.05,NA,1.41,NA,1.23,0.69,1.04,1.17,0.39,0.57,0.76,NA,1.40,24.50,1.43,1.17,1.26,70.62,1.12,2.94,0.85,1.47,0.55,0.96,6.98,1.42,NA,84.73,7.13,0.78,6.00,1.22,1.48,0.45,1.54,1.22,0.75,1.58,1.99,NM,1.74,1.23,24.26,5.22,1.86,40.16,1.18,NA,0.60,1.40,1.21,0.96,2.87,1.21,1.69,1.12,0.26,3.59,1.59,0.92,0.71,1.13,2.93,0.97,4.77,0.57,1.40,1.20,1.18,NA,1.78,NA,1.52,1.55,0.75,0.69,NA
Quick Ratio (x),274465,0.36,5.26,2.62,0.68,1.06,0.64,NA,1.05,0.29,1.18,0.66,0.38,0.33,19.12,0.96,0.21,1.36,12.08,1.22,1.24,0.72,NA,0.36,0.62,0.23,NA,1.01,1.12,3.22,1.23,0.37,0.69,34.32,0.69,1.37,0.26,0.64,0.88,1.03,2.50,7.20,0.86,0.78,NA,0.48,0.62,0.71,1.34,0.54,0.99,0.97,0.61,0.77,0.59,0.07,1.34,1.17,NA,NA,0.56,11.05,NA,1.36,NA,0.87,0.33,0.84,0.83,0.20,0.37,0.20,NA,0.19,0.54,1.10,0.19,1.14,68.75,0.16,2.76,0.57,1.25,0.38,0.47,6.14,0.82,NA,84.56,7.13,0.63,5.97,0.86,0.95,0.36,1.38,1.03,0.61,1.39,0.66,NM,1.38,0.45,15.16,5.06,1.11,39.89,0.84,NA,0.49,0.28,0.66,0.85,0.86,0.28,1.19,0.66,0.17,3.39,1.57,0.67,0.47,0.72,2.03,0.87,4.76,0.53,0.65,0.65,0.53,NA,0.56,NA,0.95,0.82,0.54,0.50,NA
Total Debt/Equity (%),274466,144.64,NA,"1,151.74",414.59,496.16,NA,NA,68.99,NM,178.53,NM,64.60,125.29,NA,15.01,105.43,36.55,NA,NM,117.97,293.17,NA,628.05,159.52,67.12,NA,100.38,92.88,15.86,150.02,170.90,75.13,178.10,77.93,350.68,148.33,142.15,99.96,45.02,35.34,14.11,116.77,11.01,NA,166.70,76.80,58.53,102.73,27.66,333.93,115.07,31.33,153.40,63.87,NA,106.19,36.39,NA,0.26,149.10,37.92,NA,42.00,NA,"17,487.93",NM,0.19,197.56,55.79,99.04,220.92,NA,161.65,62.81,496.88,NM,91.01,NA,183.77,21.57,261.83,NM,8.03,NM,4.33,110.35,3.06,3.02,7.68,NM,NA,"2,618.88",3.41,NM,132.16,109.94,121.96,12.13,18.98,28.29,282.65,190.73,4.30,12.79,66.98,NA,186.57,NA,NM,266.81,68.27,61.58,155.60,191.83,NA,41.04,728.76,16.10,2.50,56.03,77.12,48.55,16.56,160.00,NM,"1,286.29",148.61,"1,007.30",102.18,NA,80.85,NA,42.23,110.92,197.63,170.44,NA
Total Debt / Total Capital (%),274467,59.12,NA,92.01,80.57,83.23,NA,NA,41,139,64,179,39,56,NA,13,51,27,NA,138,54,75,NA,86,61,40,NA,50,48,14,60,63,43,64,44,78,60,59,50,31,26,12,54,10,NA,63,43,37,51,22,77,54,24,61,39,NA,52,27,NA,0,60,27,NA,30,NA,99,144,0,66,36,50,69,NA,62,39,83,126,48,NA,65,18,72,113,7,125,4,52,3,3,7,118,NA,96,3,204,57,52,55,11,16,22,74,66,4,11,40,NA,65,NA,106,73,41,38,61,66,NA,29,88,14,2,36,44,33,14,62,132,93,60,91,51,NA,45,NA,30,53,66,63,NA
Total Debt / EBITDA (x),274468,4.95,NA,5.19,1.17,6.13,NA,NA,2,14,5,4,3,34,NA,0,5,1,NA,17,3,5,NA,7,5,1,NA,3,2,NM,2,6,2,NA,2,4,6,4,3,1,2,1,4,0,NA,6,3,3,2,4,9,24,2,3,3,NA,2,2,NA,0,10,NM,NA,1,NA,3,2,NM,7,4,5,2,NA,5,9,1,2,4,NA,2,1,4,3,0,1,1,3,0,NM,0,2,NA,3,0,NA,4,3,3,0,1,NA,6,11,1,0,2,NA,4,NA,6,160,1,3,4,2,NA,2,7,1,0,1,1,3,0,3,NA,NM,4,3,1,NA,2,NA,1,9,4,3,NA
 ,,,,,,,,,,,,,,,,,,,,,,,,,,,,,,,,,,,,,,,,,,,,,,,,,,,,,,,,,,,,,,,,,,,,,,,,,,,,,,,,,,,,,,,,,,,,,,,,,,,,,,,,,,,,,,,,,,,,,,,,,,,,,,,,,,,,,,,,,,
Income Statement ($000),,,,,,,,,,,,,,,,,,,,,,,,,,,,,,,,,,,,,,,,,,,,,,,,,,,,,,,,,,,,,,,,,,,,,,,,,,,,,,,,,,,,,,,,,,,,,,,,,,,,,,,,,,,,,,,,,,,,,,,,,,,,,,,,,,,,,,,,,,
Total Revenue,271468,"1,991,000",NA,"6,105,000","1,976,000","512,054",130,NA,"8,736,428","17,921,000","167,994","1,450,000","4,586,000","17,352",344,"441,900","2,904,300","22,616",869,"2,568","167,068","95,402",NA,"559,500","2,779,000","513,696",NA,"1,029,373","172,725","1,955","3,706,000","3,883,000","7,124","8,859","2,079,023","108,556","7,276,000","1,302,000","610,000","1,816,743","598,166","20,887","18,995,000","78,926",NA,"5,563,000","4,295","16,299","561,387","17,600","41,474,000","325,036","1,460,700","4,707,000","3,178,000","2,102","5,677,000","3,428,968",NA,"469,174","1,001,000",NA,NA,"2,259,125",NA,"15,591,000","13,798,000",NA,"4,288,000","3,353,000","3,888,000","44,600,000",NA,"3,715,000","487,357","7,153,000","23,659,000","5,706,000",NA,"5,565,000","122,130","116,201","5,898,000",96,"67,154,000","18,903","6,055,000","1,566",22,950,"4,763,000",NA,"2,171,000","25,749",501,"2,584,659","9,301,000","3,132,000","2,407","13,397","-1,139","222,457","1,805,000","28,187","35,115","2,331,000",754,"4,521,000",NA,"11,445,000","14,657","7,225,000","12,341,000","900,100","2,196,500",97,"545,343","2,886,000","201,547","2,370","818,393","1,032,234","17,214,000","28,973","1,996,000",NA,364,"1,603,304","19,126,830","1,246,000",NA,"1,148,800","2,445","35,017,000","575,056","32,912,000","2,575,000",NA
Gross Profit,271473,"798,000",NA,"4,385,000","1,361,000","476,870",55,NA,"1,113,822","2,428,000","55,500","669,000","2,133,000","5,713",344,"39,690","720,300","4,726",180,934,"113,172","11,220",NA,"172,000","1,000,000","355,138",NA,"380,803","73,533","1,361","1,840,000","1,988,000","2,615","7,393","750,492","102,028","3,291,000","721,600","119,000","1,273,295","415,229","7,832","3,360,000","45,491",NA,"2,321,000","1,481","10,836","150,866","7,050","4,627,000","165,981","848,200","1,891,000","1,003,000","1,074","1,031,000","1,865,957",NA,"328,207","524,200",NA,NA,"383,542",NA,"6,084,000","2,787,000",NA,"611,000","1,744,000","2,034,000","9,648,000",NA,"1,575,000","100,852","8,248,000","8,050,000","983,000",NA,"2,334,000","80,088","55,652","3,314,000",135,"3,023,000","9,843","2,326,000",691,13,629,"3,329,000",NA,"1,052,000","7,310",99,"227,665","1,985,000","1,448,000","1,933","4,048","-1,139","36,082","487,000","28,187","22,114","597,000",754,"1,174,000",NA,"8,408,000","9,548","4,517,000","661,000","194,244","486,000",69,"30,276","1,192,000","37,212","1,472","438,858","126,232","3,569,000","14,404","226,000",NA,158,"343,179","3,486,284","316,000",NA,"396,100",277,"4,957,000","157,275","19,408,000","1,505,000",NA
Earnings from Cont. Ops.,271505,"265,000","(1,133)","2,841,000","326,000","65,245",(74),NA,"275,325.00","-425,000.00","25,922.59","155,000.00","509,000.00","-4,872.67",-844.06,"25,048.76","-77,500.00","1,636.09",81.20,-158.18,"11,479.00","3,753.03",NA,"155,700.00","325,000.00","710,395.00",NA,"103,954.00","21,049.01","-1,620.70","974,000.00","700,000.00",802.75,"2,016.19","228,574.00","-2,520.35","970,000.00","113,500.00","10,000.00","1,219,233.00","64,376.63","3,065.15","1,447,000.00","10,827.82",NA,"669,000.00",93.24,"11,273.76","105,005.00",-551.68,"1,663,000.00","-41,182.00","173,600.00","383,000.00","191,000.00","-1,201.33","655,000.00","365,122.79",NA,"80,318.09","-21,700.00","-3,166.75",NA,"39,242.58",NA,"1,543,000.00","469,000.00","-1,225.90","-250,000.00","467,000.00","703,000.00","666,000.00",NA,"14,000.00","26,962.00","6,435,000.00","2,333,000.00","-159,000.00",-40.14,"286,000.00","9,678.90","1,837.46","1,802,000.00",-385.77,"807,000.00","2,638.17","667,000.00",308.42,-50.94,350.33,"1,787,000.00","-1,478.57","279,000.00","1,697.84",-171.64,"-80,546.00","842,000.00","466,000.00",724.64,"1,503.35",-959.89,"6,843.24","-102,000.00",922.21,"10,461.07","382,000.00",610.53,"1,049,000.00",NA,"1,548,000.00","90,536.07","1,263,000.00","475,000.00","30,173.00","113,600.00",18.18,"10,864.51","-48,000.00","26,874.43",-78.26,"481,447.00","14,449.23","1,481,000.00","2,403.81","74,000.00","2,249.03",-449.15,"47,650.00","465,568.00","131,000.00",NA,"106,900.00",72.80,"3,146,000.00","-38,564.00","5,018,000.00","957,000.00",NA
Net Income,271510,"264,000","(1,129)","2,841,000","242,000","61,146",(74),NA,"273,750.00","-414,000.00","25,794.34","155,000.00","509,000.00","-4,456.27",-844.06,"24,220.07","-77,500.00","1,636.09",81.20,-158.18,"11,479.00","2,984.24",NA,"155,700.00","325,000.00","710,395.00",NA,"103,131.00","19,896.67","-1,620.70","974,000.00","981,000.00",802.72,"2,016.19","228,574.00","-2,944.16","804,000.00","112,400.00","10,000.00","1,218,548.00","64,376.63","2,611.51","1,112,000.00","10,758.64",NA,"669,000.00",75.39,"10,861.07","105,005.00",-551.68,"1,757,000.00","-41,262.00","173,600.00","189,000.00","176,000.00","-1,201.33","651,000.00","295,059.56",NA,"80,319.39","-22,100.00","-3,166.75",NA,"39,242.58",NA,"1,363,000.00","469,000.00","-1,226.65","-250,000.00","467,000.00","679,000.00","664,000.00",NA,"14,000.00","26,962.00","5,434,000.00","2,333,000.00","-159,000.00",-40.14,"286,000.00","9,588.41","1,590.48","1,802,000.00",-385.77,"768,000.00","1,944.39","976,000.00",308.42,-50.94,350.33,"1,787,000.00","-1,478.57","278,000.00","1,697.84",-171.64,"-80,540.00","842,000.00","466,000.00",724.64,"1,494.35",-959.89,"6,248.82","-102,000.00",938.96,"10,461.07","383,000.00",610.53,"1,049,000.00",NA,"1,548,000.00","90,536.07","1,263,000.00","422,000.00","30,173.00","113,400.00",18.18,"15,038.11","-48,000.00","26,908.59",-78.26,"481,447.00","13,981.16","1,426,000.00","2,403.81","73,000.00","2,249.03",-449.15,"45,911.00","465,568.00","131,000.00",NA,"106,900.00",72.80,"3,067,000.00","-21,564.00","4,909,000.00","927,000.00",NA
EBITDA,271528,"784,000",(991),"2,969,000","1,250,000","310,853",(74),NA,"469,119.0","989,000.0","50,830.8","333,000.0","1,191,000.0","2,753.5",-807.0,"32,194.8","494,900.0","2,955.1",NA,113.6,"36,571.0","7,076.6",NA,"157,600.0","856,000.0","1,060,486.0",NA,"249,247.0","35,877.1","-2,242.9","1,838,000.0","2,116,000.0","1,371.8",NA,"405,329.0","41,337.3","3,019,000.0","357,600.0","85,000.0","2,029,527.0","346,560.9","7,781.9","3,122,000.0","16,761.0",NA,"1,787,000.0",291.5,"12,833.6","173,275.0","1,517.4","3,581,000.0","-19,824.0","353,200.0","833,000.0","637,000.0",NA,"1,218,000.0","705,246.0",NA,"85,034.8","75,500.0","-1,732.1",NA,"63,658.9",NA,"3,190,000.0","1,189,000.0","-1,033.6","155,000.0","762,000.0","1,759,000.0","2,418,000.0",NA,"282,000.0","28,569.0","8,288,000.0","3,805,000.0","81,000.0",-14.1,"642,000.0","26,679.2","16,300.0","3,151,000.0",230.0,"1,174,000.0","3,991.7","1,408,000.0",389.0,-39.1,479.3,"2,950,000.0",NA,"542,000.0","2,713.7",NA,"78,351.0","1,377,000.0","1,448,000.0",813.5,"2,688.5",NA,"18,934.2","96,000.0","1,271.9","16,376.5","495,000.0",NA,"880,000.0",NA,"4,022,000.0","8,161.1","3,534,000.0","575,000.0","91,744.0","222,900.0",NA,"30,276.4","632,000.0","39,363.2",138.2,"745,705.0","98,223.3","3,165,000.0","4,937.9","173,000.0",NA,-391.0,"323,908.0","929,060.0","192,000.0",NA,"165,400.0",NA,"4,727,000.0","58,249.0","11,915,000.0","1,878,000.0",NA
EBIT,271530,"415,000",(991),"2,069,000","885,000","189,245",(74),NA,"422,440.0","532,000.0","36,279.8","280,000.0","624,000.0",763.4,-812.9,"23,313.7","401,900.0","2,250.1",69.0,-25.4,"12,529.0","5,105.3",NA,"119,700.0","537,000.0","955,264.0",NA,"172,178.0","27,795.7","-2,424.2","1,445,000.0","1,313,000.0","1,101.5",NA,"327,433.0","25,463.1","1,675,000.0","205,400.0","41,000.0","1,637,954.0","236,047.6","7,154.1","2,063,000.0","14,203.6",NA,"1,105,000.0",211.5,"12,819.9","139,046.0",-603.3,"1,956,000.0","-24,892.0","240,400.0","676,000.0","296,000.0",NA,"977,000.0","478,103.8",NA,"60,280.3","28,500.0","-1,763.2",NA,"57,245.9",NA,"2,434,000.0","980,000.0","-1,514.3","-87,000.0","576,000.0","1,194,000.0","1,528,000.0",NA,"82,000.0","28,087.0","7,991,000.0","3,302,000.0","-284,000.0",-40.1,"436,000.0","12,101.2","6,016.2","2,661,000.0",-77.7,"1,026,000.0","2,746.8","942,000.0",366.9,-47.3,463.9,"2,898,000.0","-2,208.9","444,000.0","2,162.9",-142.6,"-70,840.0","1,079,000.0","1,127,000.0",722.9,"1,900.2","-1,617.5","8,099.7","15,000.0","1,240.3","16,134.3","369,000.0",623.6,"718,000.0",NA,"2,789,000.0","8,095.4","1,813,000.0","319,000.0","56,234.0","161,100.0",5.0,"17,682.0","272,000.0","26,580.4",-53.8,"651,633.0","65,870.6","2,131,000.0","4,439.6","134,000.0",-7.2,-413.7,"211,388.0","740,136.0","174,000.0",NA,"137,100.0",41.7,"4,067,000.0","-56,638.0","7,597,000.0","1,372,000.0",NA
EBITDA / Interest Expense (x),274484,6.17,NA,5.47,15.25,3.79,NM,NA,4.89,1.52,3.18,4.75,11.68,0.58,NM,41.05,5.05,20.42,NA,0.93,4.44,5.76,NA,2.47,5.72,29.70,NA,7.79,43.04,NM,9.55,4.42,10.90,NA,11.85,5.51,4.30,6.21,3.04,43.60,29.36,19.79,4.92,71.48,NA,4.34,5.95,4.03,23.85,7.35,11.89,0.88,11.00,6.13,9.04,NA,11.02,8.42,NA,NM,2.14,NM,NA,32.75,NA,7.17,8.90,NA,7.75,35.26,3.95,15.11,NA,5.16,NA,28.09,16.52,8.98,NA,15.43,39.30,5.50,11.36,NM,29.20,14.63,12.32,160.94,NM,157.07,12.94,NA,9.27,65.96,NA,4.26,11.48,8.27,NA,15.50,NA,5.65,2.12,15.74,210.55,23.47,NA,5.30,NA,5.11,0.23,15.44,6.15,5.69,8.23,NA,6.46,2.12,19.06,NA,23.64,4.78,9.67,62.51,7.49,NA,NM,4.19,7.89,27.96,NA,12.23,NA,32.38,13.67,11.00,6.39,NA
EBIT / Interest Expense (x),274483,3.27,NA,3.81,10.66,2.31,NM,NA,4.40,0.82,2.27,3.15,6.12,0.16,NM,29.73,4.10,15.55,NA,NM,1.52,4.15,NA,1.85,3.58,26.73,NA,5.01,33.34,NM,7.19,2.74,8.75,NA,9.57,3.40,2.33,3.57,1.46,35.19,20.00,18.20,3.23,57.46,NA,2.68,4.32,4.03,18.93,NM,6.27,NM,7.49,4.66,3.90,NA,8.28,5.36,NA,NM,0.62,NM,NA,24.33,NA,5.08,6.85,NA,NM,25.04,2.68,8.63,NA,1.21,NA,26.91,13.48,NM,NA,9.28,17.82,2.03,8.06,NM,22.80,9.75,7.66,151.81,NM,144.14,12.71,NA,7.05,50.43,NA,NM,8.36,6.44,NA,10.96,NM,2.42,0.22,12.59,203.59,16.77,NA,4.33,NA,3.54,0.23,7.62,3.26,3.04,5.69,NA,3.77,0.78,9.76,NA,20.24,3.14,6.29,56.20,4.96,NM,NM,2.73,5.96,24.86,NA,9.72,NA,27.86,NM,6.29,4.67,NA
Avg. Days Sales Out.,274485,44.5,NA,87.0,66.9,46.0,35.5,NA,119.67,59.52,19.90,12.77,44.87,129.54,NA,71.18,25.94,56.58,NA,213.73,61.13,59.19,NA,9.19,47.36,44.29,NA,68.10,56.97,75.27,32.66,53.24,38.06,NA,64.69,192.91,50.00,61.42,78.67,55.39,210.68,96.51,40.61,94.68,NA,34.95,45.11,17.18,33.31,10.87,23.11,52.51,61.04,69.38,48.27,NA,77.86,56.21,NA,NA,88.97,NA,NA,35.39,NA,50.68,29.53,NA,45.04,39.39,36.90,4.66,NA,NA,4.34,NM,NA,3.94,NA,4.51,1.01,36.27,32.45,NA,24.52,55.34,68.15,NA,NA,18.89,32.76,NA,101.77,49.94,1.07,109.19,76.30,26.06,NM,52.51,NM,36.62,61.53,65.11,37.40,45.35,NA,26.73,NA,47.79,63.17,47.04,28.69,20.37,13.78,NM,59.71,13.63,57.87,41.45,40.53,18.90,113.56,83.07,48.30,NA,105.08,53.74,24.21,28.17,NA,27.59,NA,25.49,54.14,65.55,57.60,NA
Avg. Days Inventory Out.,274486,48.9,NA,260.1,67.0,85.4,187.0,NA,64.74,455.01,10.96,89.08,128.04,NM,NA,37.76,87.42,0.16,NA,NA,NA,16.69,NA,NA,41.91,16.03,NA,36.37,109.92,379.33,17.73,77.75,104.51,NA,93.89,0.81,84.12,NA,51.22,NA,NA,NA,12.98,395.17,NA,19.53,97.07,NA,52.12,29.33,39.32,203.83,81.32,70.49,119.32,NA,58.66,70.58,NA,NA,142.87,NA,NA,NA,NA,19.66,62.49,NA,NA,80.77,29.68,22.66,NA,144.64,NM,NM,110.32,14.54,NA,131.52,26.11,31.60,1.80,NM,27.11,158.45,128.86,NA,NA,NA,76.32,NA,86.89,101.89,93.51,5.40,12.87,13.76,170.73,231.57,NA,48.89,151.70,NA,NA,69.39,NA,15.29,NA,NA,18.02,72.62,4.59,84.47,101.11,NM,38.54,11.83,10.09,NA,NA,37.81,72.37,95.45,4.88,NA,51.34,5.58,26.53,NA,NA,137.73,NA,21.27,60.98,15.89,23.72,NA
Accounts Receivable Turnover (x),274489,8.09,NA,4.14,5.38,8.00,10.15,NA,3,6,18,29,8,3,NA,5,14,6,NA,2,6,6,NA,39,8,8,NA,5,6,5,11,7,9,NA,6,2,7,6,5,6,2,4,9,4,NA,10,8,21,11,34,16,7,6,5,7,NA,5,6,NA,NA,4,NA,NA,10,NA,7,12,NA,8,9,10,96,NA,NA,83,0,NA,91,NA,81,NM,10,11,NA,15,7,5,NA,NA,19,11,NA,4,7,NM,3,5,14,0,7,NM,10,6,6,10,8,NA,13,NA,8,6,8,13,18,26,0,6,26,6,9,9,19,3,4,8,NA,4,7,15,13,NA,14,NA,14,7,5,6,NA
Inventory Turnover (x),274490,7.36,NA,1.38,5.38,4.31,1.93,NA,6,1,33,4,3,0,NA,10,4,NM,NA,NA,NA,22,NA,NA,9,22,NA,10,3,1,20,5,3,NA,4,NM,4,NA,7,NA,NA,NA,28,1,NA,18,4,NA,7,13,9,2,4,5,3,NA,6,5,NA,NA,3,NA,NA,NA,NA,18,6,NA,NA,4,12,20,NA,3,1,NM,3,25,NA,3,14,11,200,NM,13,2,3,NA,NA,NA,5,NA,4,4,4,67,28,26,2,2,NA,7,2,NA,NA,5,NA,24,NA,NA,20,5,78,4,4,0,9,30,36,NA,NA,10,5,4,75,NA,7,64,14,NA,NA,3,NA,17,6,23,15,NA
Fixed Asset Turnover (x),274488,0.25,NA,4.26,0.87,0.30,107.35,NA,48,6,2,3,3,0,14,12,4,32,NA,11,13,6,NA,1,0,0,NA,2,6,4,0,0,2,NA,8,7,0,3,2,0,13,10,1,7,NA,0,7,0,1,1,4,6,10,8,1,NA,4,1,NA,NA,9,NA,NA,38,NA,2,14,NA,4,4,0,6,NA,2,50,1,4,1,NA,3,3,2,1,2,73,0,2,NA,1,5,12,NA,6,3,27,5,4,0,2,2,NA,4,4,29,13,2,NA,1,NA,4,20,0,3,7,8,0,5,0,1,35,1,3,4,10,27,NA,2,1,15,87,NA,7,NA,4,1,1,0,NA
Total Asset Turnover (x),274487,0.21,NA,0.32,0.60,0.19,2.03,NA,2,1,0,1,0,0,0,1,1,2,NA,1,1,2,NA,0,0,0,NA,1,1,0,0,0,1,0,1,0,0,0,1,0,0,0,1,1,NA,0,2,0,1,1,1,1,0,1,0,0,1,0,NA,NA,0,NA,NA,4,NA,1,1,NA,1,0,0,4,NA,1,1,1,2,1,NA,1,1,1,0,0,4,0,1,NA,0,1,1,NA,1,1,1,1,1,0,0,1,NM,1,1,1,1,1,1,1,NA,0,0,0,2,1,2,0,1,0,0,1,0,2,0,2,1,NA,1,1,3,1,NA,1,NA,2,0,0,0,NA
 ,,,,,,,,,,,,,,,,,,,,,,,,,,,,,,,,,,,,,,,,,,,,,,,,,,,,,,,,,,,,,,,,,,,,,,,,,,,,,,,,,,,,,,,,,,,,,,,,,,,,,,,,,,,,,,,,,,,,,,,,,,,,,,,,,,,,,,,,,,
Cash Flow ($000),,,,,,,,,,,,,,,,,,,,,,,,,,,,,,,,,,,,,,,,,,,,,,,,,,,,,,,,,,,,,,,,,,,,,,,,,,,,,,,,,,,,,,,,,,,,,,,,,,,,,,,,,,,,,,,,,,,,,,,,,,,,,,,,,,,,,,,,,,
Cash from Ops.,272591,"496,000",(487),"1,064,000","335,000","189,245",59,NA,"223,804","-318,000","55,572","66,000","399,000","-3,719",-929,"48,486","263,700","1,759",-64,766,"28,141","2,841",NA,"215,900","1,713,000","248,738",NA,"109,383","7,196","-2,628","1,251,000","2,097,000","2,477","9,000","241,284",-950,"1,483,000","150,900","-2,000","1,662,768","53,647",598,"3,350,000","15,024",NA,"484,000",-505,"8,509","124,802","1,428","2,800,000","-85,862","174,400","468,000","-49,000",-297,"122,000","487,653",NA,NA,"88,800","-2,970",NA,"28,829",NA,"1,803,000","-16,000",662,"104,000","71,000","1,333,000","1,102,000",NA,"-460,000","77,600","3,421,000","2,977,000","706,000",-36,"248,000","25,525","14,464","2,420,000",-67,"-941,000","1,337","1,275,000",-328,-54,-645,"2,984,000",-959,"-8,000","4,060",-139,"-86,371","-702,000","1,173,000",587,"-8,115","1,755","15,022","-77,000","5,610","12,953","-164,000",115,"1,221,000",NA,"6,394,000",NA,"2,870,000","743,000",-950,"124,200",-103,"-28,295","1,310,000","51,626",373,"474,956","30,668","-863,000","3,041","118,000",-31,-349,"-185,742","158,606","-77,000",NA,"-68,900",29,"3,170,000","39,637","8,289,000","1,514,000",NA
Cash from Investing,272601,"(964,000)","(1,467)","1,358,000","(532,000)","(161,234)",(1),NA,"-9,247","-1,823,000","98,420","-88,000","-291,000","-9,322","1,353","-7,222","-123,400",-145,-22,-254,"-5,371","2,126",NA,"54,500","-1,155,000","-159,511",NA,"-168,618","2,522",877,"-480,000","-2,302,000",-94,-356,"-43,556","-1,555","-3,209,000","-162,600","-33,000","-498,326","-9,120","-42,996","-803,000","-10,042",NA,"-1,871,000",-604,"-6,816","-136,076","-1,657","-1,977,000","-2,719","-24,800","-266,000","-228,000",-333,"-295,000","2,521",NA,NA,"-55,600","-117,126",NA,"-6,825",NA,"-1,151,000","-435,000",-673,"-218,000","-105,000","-508,000","-723,000",NA,"-217,000","-4,855","-727,000","-310,000","-1,577,000",NA,"-194,000","-17,944","-22,006","-741,000",-8,"39,000",160,"-386,000",261,NA,-7,"-56,000",NA,"-53,000",-91,NA,"-89,486","-309,000","-391,000",-107,"1,049",NA,"-15,764","-68,000",-3,-872,"24,000",NA,"47,000",NA,"-29,436,000",NA,"-1,598,000","158,000","-23,577","-89,100",5,"-20,147","-234,000","-69,630",-340,"-138,293","-4,020","-579,000",-820,"-6,000",NA,-5,"835,665","-174,835","-23,000",NA,"-21,900",29,"-549,000","-270,857","-6,110,000","-1,639,000",NA
Cash from Financing,272618,"489,000",469,"21,509,000","106,000","(118,534)",(86),NA,"-210,957","-1,680,000","-51,828","-1,306,000","-534,000","1,810",NA,"-5,599","-154,400","-1,105",NA,-157,"-35,647","-7,376",NA,"-237,700","-519,000","-107,749",NA,"25,241","5,749",-74,"-1,438,000","1,820,000","-1,675",453,"-306,565","-5,992","1,747,000","-43,300","43,000","-495,824","-116,951","39,247","-2,474,000","-11,707",NA,"1,380,000","1,289","-8,228","60,139","-1,103","-3,874,000","16,462","-187,100","673,000","-248,000",-20,"-249,000","-584,003",NA,NA,"-156,600","85,335",NA,"-84,839",NA,"-725,000","-925,000",91,"-41,000","-303,000","-1,181,000","-818,000",NA,"-264,000","-61,777","-1,740,000","-386,000","-262,000",NA,"-1,094,000","-10,351","13,918","-558,000",102,"-1,181,000","-3,075","-716,000",-114,-20,-22,"-3,045,000","2,372","-263,000",-860,-16,"-53,442","929,000","-686,000",-674,"-1,588","-1,753","-10,195","128,000","-1,341","-8,536","-216,000",-7,"-808,000",NA,"12,310,000",NA,"-1,080,000","-776,000","32,463","-41,600",NA,"24,682","-1,784,000","-17,541",-29,"-109,237","121,033","1,096,000",-187,"-162,000",22,343,"-714,823","-400,352","200,000",NA,"74,400",-151,"-1,998,000","144,211","-2,383,000","450,000",NA
Foreign Exchange Rate Adj.,272619,NA,-11.57,NA,NA,NA,NA,NA,"25,039.00","10,000.00",NA,NA,"11,000.00",-300.49,NA,-57.65,"-1,800.00",NA,NA,16.14,NA,-3.95,NA,NA,NA,NA,NA,"1,671.00",745.70,4.53,NA,NA,NA,NA,395.00,NA,NA,"2,300.00","-1,000.00",NA,"-7,510.61",-21.86,NA,259.62,NA,NA,NA,NA,NA,NA,"70,000.00",298.00,"1,100.00","8,000.00",NA,NA,"-45,000.00","-1,609.42",NA,NA,"-3,500.00",2.31,NA,"1,176.69",NA,"7,000.00",NA,2.76,"-111,000.00","6,000.00",NA,NA,NA,NA,NA,"2,000.00",NA,NA,NA,NA,NA,NA,"3,000.00",NA,"18,000.00",616.97,"-4,000.00",NA,NA,NA,NA,-11.41,"21,000.00",120.71,NA,267.00,NA,NA,NA,-3.23,NA,NA,"-1,000.00","1,199.61",NA,"14,000.00",NA,NA,NA,"-203,000.00",NA,NA,NA,NA,"4,900.00",NA,-61.42,NA,"-7,330.02",NA,NA,NA,"1,000.00",283.29,NA,NA,NA,104.00,"-11,369.00",NA,NA,"2,200.00",-0.08,"36,000.00","-1,930.00",NA,NA,NA
Net Change in Cash,272621,"21,000","(1,497)","23,931,000","(91,000)","(90,523)",(28),NA,"28,639.00","-3,811,000.00","102,163.27","-1,328,000.00","-415,000.00","-11,530.99",424.03,"35,608.28","-15,900.00",508.26,-85.89,370.94,"-12,877.00","-2,413.61",NA,"32,700.00","39,000.00","-18,522.00",NA,"-32,323.00","16,212.18","-1,820.85","-667,000.00","1,615,000.00",708.37,"9,096.94","-108,442.00","-8,496.64","21,000.00","-52,700.00","7,000.00","668,618.00","-79,934.32","-3,172.75","73,000.00","-6,465.60",NA,"-7,000.00",179.63,"-6,534.75","48,865.00","-1,332.23","-2,981,000.00","-71,821.00","-36,400.00","883,000.00","-525,000.00",-650.46,"-467,000.00","-95,438.36",NA,NA,"-126,900.00","-34,758.35",NA,"-61,658.50",NA,"-66,000.00","-1,376,000.00",83.27,"-266,000.00","-331,000.00","-356,000.00","-439,000.00",NA,"-941,000.00","10,968.00","956,000.00","2,281,000.00","-1,133,000.00",-35.95,"-1,040,000.00","-2,770.56","6,376.36","1,124,000.00",27.49,"-1,595,000.00",-960.39,"169,000.00",-181.66,-74.17,-674.46,"-117,000.00","1,401.58","-303,000.00","3,229.63",-154.33,"-229,032.00","-82,000.00","96,000.00",-193.38,"-8,657.30",2.05,"-10,936.52","-18,000.00","5,466.33","3,544.75","-342,000.00",107.50,"460,000.00",NA,"-10,935,000.00",NA,"192,000.00","125,000.00","7,936.00","-1,600.00",-98.62,"-23,820.82","-708,000.00","-42,875.18",3.38,"227,426.00","147,681.36","-345,000.00","2,317.80","-50,000.00",-9.05,-11.22,"-40,993.00","-427,950.00","100,000.00",NA,"-14,200.00",-93.27,"659,000.00","-88,939.00","-204,000.00","325,000.00",NA
Capital Expenditure,272592,"(951,000)","(1,467)","(344,000)","(549,000)","(196,418)",NA,NA,"-20,114.00","-468,000.00","-3,777.84","-88,000.00","-208,000.00","-8,655.56",-13.00,"-8,778.63","-125,400.00",-170.89,-22.88,-246.20,-199.00,-704.22,NA,"-134,700.00","-1,123,000.00","-170,028.00",NA,"-106,875.00","-2,530.00",NA,"-443,000.00","-2,231,000.00",-91.89,-12.40,"-48,375.00",-72.96,"-3,146,000.00","-158,300.00","-45,000.00","-494,784.00","-8,583.55",-164.65,"-853,000.00","-1,486.20",NA,"-1,881,000.00",-151.82,NA,"-14,914.00","-1,908.16","-1,780,000.00","-2,610.00","-24,800.00","-143,000.00","-382,000.00",-1.62,"-268,000.00","-291,089.67",NA,NA,"-53,200.00","-18,196.07",NA,"-3,412.40",NA,"-1,197,000.00","-192,000.00",NA,"-213,000.00","-62,000.00","-507,000.00","-745,000.00",NA,"-221,000.00",-76.00,"-712,000.00","-343,000.00","-1,052,000.00",NA,"-171,000.00","-2,884.46","-5,344.56","-503,000.00",-7.71,"-71,000.00","-1,590.89","-475,000.00",-8.00,NA,-7.13,"-55,000.00",NA,"-54,000.00",-538.58,NA,"-63,346.00","-309,000.00","-428,000.00",-106.95,-222.64,NA,"-3,586.85","-83,000.00",-2.57,-190.61,"-158,000.00",NA,"-289,000.00",NA,"-1,719,000.00",NA,"-1,461,000.00","-122,000.00","-20,266.00","-94,400.00",NA,"-16,021.33","-252,000.00","-62,833.40",-4.20,"-138,284.00","-4,044.40","-520,000.00",-208.55,"-5,000.00",NA,-22.20,"-219,124.00","-167,260.00","-17,000.00",NA,"-29,300.00",NA,"-265,000.00","-270,857.00","-5,958,000.00","-552,000.00",NA
Change in Net Working Capital,272627,"181,000",22,"820,000","553,000","(231,854)",(31),NA,"-17,710.00","734,000.00",853.74,"114,000.00","513,000.00","7,525.27",428.03,"-8,594.07","95,700.00",478.18,NA,-624.33,"8,875.00","-16,328.07",NA,"-58,900.00","-956,000.00","408,339.00",NA,"108,457.00","18,339.83","2,057.23","65,000.00","-177,000.00","-1,151.59",NA,-800.00,"-13,904.28","867,000.00","136,800.00","-3,866.20","289,456.00","-217,378.42","5,551.64","-579,000.00","-1,807.23",NA,"1,076,000.00",782.59,-98.58,"34,123.00","1,927.29","2,972,000.00","49,428.00","73,400.00","-757,000.00","313,000.00",NA,"816,000.00","12,660.74",NA,NA,"-55,600.00","-1,566.41",NA,"139,319.97",NA,"478,000.00","311,000.00","-1,874.73","-3,000.00","446,000.00","92,000.00","601,000.00",NA,"709,000.00","-41,392.00","434,000.00","71,000.00","-869,000.00",-4.24,"58,000.00",-413.78,"-2,604.45","-39,100.00",-80.62,"1,704,000.00","8,312.06","242,000.00",NA,-22.08,"1,451.68","-698,000.00",NA,"458,000.00","-5,413.96",-7.26,"139,131.00","1,219,000.00","-550,000.00",249.55,"12,196.51",-182.41,"-1,297.19","53,000.00","-8,739.08","-3,739.81","554,000.00",157.16,"15,000.00",NA,"-2,907,000.00","23,999.61","92,000.00","-351,000.00","71,940.00","57,100.00",77.45,"106,566.44","-986,126.00","25,312.36",178.96,"123,023.00","114,043.68","2,567,000.00",346.07,"-32,000.00",1.76,-42.10,"-700,015.00","472,125.00","-14,000.00",NA,"172,346.00",NA,"477,000.00","108,298.00","3,603,000.00","130,000.00",NA
Unlevered Free Cash Flow,272626,"(495,625)","(1,691)","1,076,125","(183,875)","273,614",(15),NA,"327,797.00","362,500.00","32,580.74","38,000.00","325,000.00","-13,713.59",-943.25,"23,267.66","146,087.50","1,462.26",NA,493.38,"23,608.63","20,786.01",NA,"47,712.50","487,625.00","132,533.00",NA,"-17,191.75","3,882.18","-3,317.98","801,125.00","-430,375.00","2,016.69",NA,"247,248.63","38,514.93","-1,622,125.00","25,175.00","28,491.20","642,330.25","466,837.87",-743.87,"2,111,375.00","13,534.10",NA,"-1,406,375.00",-722.25,"8,110.99","77,241.75","-1,974.69","-1,804,500.00","-61,274.50","191,550.00","1,217,500.00","-117,000.00",NA,"-232,375.00","265,339.01",NA,NA,"205,412.50","-18,097.62",NA,"-87,479.47",NA,"679,250.00","485,500.00","1,372.79","492,625.00","16,000.00","712,250.00","742,000.00",NA,"-660,750.00","62,455.38","4,230,375.00","2,202,750.00","4,500.00",-20.85,"172,500.00","19,885.26","10,545.61","1,739,225.00",332.04,"-1,014,750.00","-6,811.90","478,750.00",NA,1.89,"-1,127.27","2,506,250.00",NA,"-81,500.00","6,893.21",-81.84,"-89,046.00","-536,625.00","1,158,375.00",185.91,"-10,443.25",-828.50,"13,353.99","-34,625.00","9,822.68","13,748.26","-342,375.00",244.47,"306,750.00",NA,"5,147,125.00",NA,"1,301,125.00","694,375.00","-16,307.75","25,687.50",-74.31,"-99,166.56","1,290,126.00","-46,210.04",-102.91,"260,427.63","-42,508.22","-775,125.00","2,941.79","160,750.00",-6.25,-238.66,"728,964.50","66,890.00","148,750.00",NA,"-82,458.50",NA,"2,459,875.00","-269,234.75","-1,092,875.00","698,500.00",NA
Levered Free Cash Flow,272625,"(572,000)","(1,691)","736,750","(235,750)","222,374",(16),NA,"267,793.25","-43,125.00","22,583.66","-17,625.00","261,250.00","-16,542.93",-947.76,"22,777.49","84,837.50","1,371.79",NA,417.07,"19,237.13","20,017.76",NA,"7,275.00","393,875.00","112,495.00",NA,"-38,679.25","3,361.13","-3,346.24","675,500.00","-729,750.00","1,938.04",NA,"225,864.88","33,828.18","-2,072,125.00","-10,825.00","13,991.20","613,239.00","459,461.38",-989.61,"1,712,000.00","13,379.61",NA,"-1,663,875.00",-752.85,"6,121.04","72,651.13","-2,103.64","-1,999,500.00","-64,402.00","171,487.50","1,126,875.00","-164,500.00",NA,"-306,125.00","209,612.99",NA,NA,"176,475.00","-20,215.40",NA,"-88,950.33",NA,"388,875.00","396,125.00","1,372.79","480,125.00","1,625.00","434,125.00","631,375.00",NA,"-703,250.00","62,455.38","4,056,750.00","2,049,625.00","-33,000.00",-20.85,"145,125.00","19,460.93","8,693.45","1,532,975.00",331.64,"-1,042,875.00","-6,987.98","401,875.00",NA,-0.01,"-1,129.28","2,363,750.00",NA,"-120,875.00","6,866.40",-81.84,"-121,979.13","-617,250.00","1,049,000.00",185.91,"-10,551.66",-998.66,"11,258.40","-77,125.00","9,761.10","13,698.73","-356,125.00",244.47,"203,000.00",NA,"4,655,250.00",NA,"1,152,375.00","633,125.00","-27,860.25","8,000.00",-74.31,"-102,096.93","1,103,251.00","-47,911.39",-102.91,"241,611.38","-55,625.31","-987,000.00","2,892.41","145,875.00",-62.14,-260.81,"680,630.75","-5,268.75","144,375.00",NA,"-91,271.00",NA,"2,368,625.00","-272,905.38","-1,847,250.00","514,750.00",NA
Cash from Ops. to Curr. Liab. (x),274482,0.72,NM,0.30,0.55,1.06,1.67,NA,0.09,NM,1.00,0.21,0.21,NM,NM,0.16,0.25,0.34,NM,0.47,1.05,0.08,NA,1.24,2.18,1.41,NA,0.45,0.13,NM,2.16,0.66,1.29,13.18,0.39,NM,0.37,0.34,NM,2.50,0.28,0.17,1.32,0.41,NA,0.24,NM,2.35,2.18,0.24,0.12,NM,0.27,0.23,NM,NM,0.09,0.31,NA,NA,0.19,NM,NA,0.10,NA,0.65,NM,0.79,0.09,0.03,1.12,0.27,NA,NM,2.58,3.88,0.55,0.25,NM,0.18,1.17,0.47,2.09,NM,NM,0.27,0.48,NA,NM,NM,1.31,NM,NM,0.37,NM,NM,NM,1.66,0.16,NM,25.18,0.20,NM,6.65,3.17,NM,5.13,2.24,NA,0.74,NA,1.71,0.55,NM,0.22,NM,NM,0.56,1.06,0.65,2.51,0.07,NM,0.65,0.35,NM,NM,NM,0.07,NM,NA,NM,NA,0.83,0.22,0.69,1.51,NA
 ,,,,,,,,,,,,,,,,,,,,,,,,,,,,,,,,,,,,,,,,,,,,,,,,,,,,,,,,,,,,,,,,,,,,,,,,,,,,,,,,,,,,,,,,,,,,,,,,,,,,,,,,,,,,,,,,,,,,,,,,,,,,,,,,,,,,,,,,,,
Profitability (%),,,,,,,,,,,,,,,,,,,,,,,,,,,,,,,,,,,,,,,,,,,,,,,,,,,,,,,,,,,,,,,,,,,,,,,,,,,,,,,,,,,,,,,,,,,,,,,,,,,,,,,,,,,,,,,,,,,,,,,,,,,,,,,,,,,,,,,,,,
Return on Assets,274473,2.73,(10.47),6.72,16.79,4.39,(72.47),NA,5.02,0.97,4.93,12.86,2.94,0.22,-32.11,3.38,4.50,9.99,NA,-0.66,3.09,5.17,NA,4.80,3.52,28.34,NA,5.63,9.85,-24.89,8.66,3.12,8.15,8.12,7.54,5.27,2.35,4.44,3.25,18.06,5.86,6.00,4.91,10.59,NA,2.87,5.35,6.46,12.99,-1.17,1.91,-5.36,3.79,5.62,2.54,-2.92,10.42,4.19,NA,NA,0.78,-1.64,NA,6.14,NA,11.57,6.56,-24.41,-1.69,2.78,4.29,7.78,NA,1.35,2.26,49.01,17.50,-2.00,-9.69,6.31,5.12,3.14,12.99,-2.92,4.08,1.53,5.05,NA,-2.25,40.78,19.64,NA,8.82,5.36,-11.67,-1.93,6.13,7.22,6.73,5.58,-3.96,2.34,0.28,3.36,41.31,8.55,29.90,7.35,NA,5.82,0.27,6.29,2.88,5.02,7.67,0.06,3.01,2.04,3.86,-1.41,24.12,6.58,3.32,14.51,5.85,-0.52,-69.36,4.23,8.35,12.12,NA,9.51,NA,16.78,-2.20,5.02,7.05,NA
Return on Capital,274474,3.99,(10.86),9.38,30.86,5.04,(172.87),NA,11.03,3.22,6.13,17.78,3.72,0.28,-34.65,16.27,5.63,15.09,NA,-1.20,3.63,6.42,NA,5.82,4.99,42.21,NA,6.89,14.77,-28.11,11.62,4.48,9.33,NA,10.16,7.52,3.28,5.23,4.52,23.69,6.61,6.64,5.75,17.60,NA,4.19,6.80,6.76,15.85,-1.41,2.67,-7.74,4.61,9.47,3.69,NA,14.17,5.23,NA,6.01,1.04,-1.79,NA,12.62,NA,15.04,27.57,-36.90,-3.15,3.69,4.65,12.72,NA,1.77,2.56,66.29,32.14,-3.57,-9.86,11.10,6.04,4.02,15.29,-3.10,43.53,1.63,7.36,26.81,-2.26,45.27,32.70,NA,16.50,10.81,-26.62,-2.86,8.69,9.87,15.14,6.98,-3.99,3.39,0.39,3.54,48.04,11.59,31.28,8.84,NA,8.93,0.28,8.91,3.61,5.76,12.13,0.10,4.81,2.62,4.25,-1.86,32.70,19.06,4.88,20.25,7.67,-0.71,-108.66,5.92,14.51,29.05,NA,13.62,2.00,26.52,-2.52,6.87,9.04,NA
Return on Equity,274475,9.92,(19.87),252.28,93.88,15.67,(309.08),NA,19.65,10.85,20.20,-29.70,8.02,-6.31,-57.57,32.47,-3.56,24.38,NA,31.54,11.94,33.12,NA,99.20,12.75,87.20,NA,13.46,34.51,-34.51,31.22,10.00,19.78,24.34,20.91,-5.31,7.48,11.27,3.50,41.74,3.88,5.27,14.06,23.88,NA,10.75,7.82,15.13,37.21,-2.62,15.59,-42.83,7.10,18.58,6.24,-30.20,31.91,8.86,NA,12.84,-3.09,-6.19,NA,18.25,NA,"7,763.52",-55.54,-48.07,-40.62,7.44,8.76,28.31,NA,1.23,6.50,977.04,-159.62,-6.06,-15.77,33.16,9.43,6.96,-122.38,-26.26,-197.79,2.60,17.72,37.16,-4.02,59.47,-184.49,NA,587.37,14.07,65.33,-11.96,22.12,14.64,27.82,10.39,-4.83,17.93,-11.91,4.41,56.61,32.31,49.00,61.59,NA,-110.40,19.02,16.74,14.08,12.54,40.28,0.59,6.45,-6.51,8.02,-4.46,62.31,10.61,7.97,20.56,18.05,-391.24,-416.50,5.74,145.45,65.50,NA,30.59,5.60,47.91,-5.73,21.50,26.99,NA
Return on Common Equity,274476,10.00,(19.94),252.28,223.30,14.68,(309.08),NA,19.77,10.55,20.04,-29.69,7.66,-8.25,-57.57,32.42,-3.59,24.38,NA,31.54,11.94,42.18,NA,99.20,13.31,87.20,NA,13.56,35.15,-34.51,31.24,10.37,19.78,24.34,20.91,-8.34,8.32,11.21,3.50,41.87,3.88,5.60,14.85,24.01,NA,10.75,6.85,15.50,37.21,-2.62,16.42,-42.59,7.10,9.42,5.88,-30.20,31.83,8.36,NA,12.84,-3.18,-6.19,NA,18.25,NA,-207.22,-55.54,-48.54,-42.24,7.44,8.78,27.86,NA,1.23,6.50,"-4,074.23",-159.07,-6.06,-15.77,33.16,9.56,6.94,-122.38,-26.26,-143.31,2.32,17.64,37.16,-4.02,59.47,-181.83,NA,635.43,14.07,65.33,-11.97,22.12,14.61,27.82,3.79,-4.83,18.32,-11.91,4.52,56.61,32.71,49.00,61.59,NA,-102.39,23.05,19.18,18.38,12.54,40.30,0.59,8.26,-6.71,8.03,-4.46,60.86,10.59,7.84,20.56,17.92,-391.24,-416.50,5.78,149.13,65.50,NA,30.59,5.60,50.39,-5.92,21.34,31.93,NA
Gross Profit Margin,274477,40.08,NA,71.83,68.88,93.13,42.06,NA,12.75,13.55,33.04,46.14,46.51,32.92,100.00,8.98,24.80,20.90,20.68,36.36,67.74,11.76,NA,30.74,35.98,69.13,NA,36.99,42.57,69.59,49.65,51.20,36.71,83.45,36.10,93.99,45.23,55.42,19.51,70.09,69.42,37.50,17.69,57.64,NA,41.72,34.49,66.48,26.87,40.06,11.16,51.07,58.07,40.17,31.56,51.09,18.16,54.42,NA,69.95,52.37,NA,NA,16.98,NA,39.02,20.20,NA,14.25,52.01,52.32,21.63,NA,42.40,20.69,115.31,34.03,17.23,NA,41.94,65.58,47.89,56.19,141.01,4.50,52.07,38.42,44.10,58.93,66.21,69.89,NA,48.46,28.39,19.81,8.81,21.34,46.23,80.32,30.21,100.00,16.22,26.98,100.00,62.98,25.61,100.00,25.97,NA,73.46,65.14,62.52,5.36,21.58,22.13,71.62,5.55,41.30,18.46,62.11,53.62,12.23,20.73,49.72,11.32,NA,43.27,21.40,18.23,25.36,NA,34.48,11.32,14.16,27.35,58.97,58.45,NA
Net Income Margin,274478,13.26,NA,46.54,12.25,11.94,(57.41),NA,3.13,-2.31,15.35,10.69,11.10,-25.68,-245.22,5.48,-2.67,7.23,9.34,-6.16,6.87,3.13,NA,27.83,11.70,138.29,NA,10.02,11.52,-82.89,26.28,25.26,11.27,22.76,10.99,-2.71,11.05,8.63,1.64,67.07,10.76,12.50,5.85,13.63,NA,12.03,1.76,66.64,18.71,-3.14,4.24,-12.70,11.89,4.02,5.54,-57.16,11.47,8.61,NA,17.12,-2.21,NA,NA,1.74,NA,8.74,3.40,NA,-5.83,13.93,17.46,1.49,NA,0.38,5.53,75.97,9.86,-2.79,NA,5.14,7.85,1.37,30.55,NM,1.14,10.29,16.12,19.69,-236.24,36.89,37.52,NA,12.81,6.59,-34.23,-3.12,9.05,14.88,30.11,11.16,84.28,2.81,-5.65,3.33,29.79,16.43,80.96,23.20,NA,13.53,617.68,17.48,3.42,3.35,5.16,18.78,2.76,-1.66,13.35,-3.30,58.83,1.35,8.28,8.30,3.66,NA,-123.25,2.86,2.43,10.51,NA,9.31,2.98,8.76,-3.75,14.92,36.00,NA
Earnings from Cont Ops Margin,274479,13.31,NA,46.54,16.50,12.74,(57.41),NA,3,-2,15,11,11,-28,-245,6,-3,7,9,-6,7,4,NA,28,12,138,NA,10,12,-83,26,18,11,23,11,-2,13,9,2,67,11,15,8,14,NA,12,2,69,19,-3,4,-13,12,8,6,-57,12,11,NA,17,-2,NA,NA,2,NA,10,3,NA,-6,14,18,1,NA,0,6,90,10,-3,NA,5,8,2,31,NM,1,14,11,20,-236,37,38,NA,13,7,-34,-3,9,15,30,11,84,3,-6,3,30,16,81,23,NA,14,NM,17,4,3,5,19,2,-2,13,-3,59,1,9,8,4,NA,-123,3,2,11,NA,9,3,9,-7,15,37,NA
EBITDA Margin,274480,39.38,NA,48.63,63.26,60.71,(56.85),NA,5,6,30,23,26,16,-234,7,17,13,NA,4,22,7,NA,28,31,206,NA,24,21,-115,50,54,19,NA,19,38,41,27,14,112,58,37,16,21,NA,32,7,79,31,9,9,-6,24,18,20,NA,21,21,NA,18,8,NA,NA,3,NA,20,9,NA,4,23,45,5,NA,8,6,116,16,1,NA,12,22,14,53,240,2,21,23,25,-181,50,62,NA,25,11,NA,3,15,46,34,20,NA,9,5,5,47,21,NA,19,NA,35,56,49,5,10,10,NA,6,22,20,6,91,10,18,17,9,NA,-107,20,5,15,NA,14,NA,13,10,36,73,NA
EBIT Margin,274481,20.84,NA,33.89,44.79,36.96,(57.03),NA,4.835,2.969,21.596,19.31,13.607,4.4,-236.16,5.276,13.838,9.949,7.939,-0.99,7.499,5.351,NA,21.394,19.323,185.959,NA,16.726,16.092,-123.987,38.991,33.814,15.46,NA,15.749,23.456,23.021,15.776,6.721,90.159,39.462,34.252,10.861,17.996,NA,19.863,4.924,78.656,24.768,-3.428,4.716,-7.658,16.458,14.362,9.314,NA,17.21,13.943,NA,12.848,2.847,NA,NA,2.534,NA,15.612,7.102,NA,-2.029,17.179,30.71,3.426,NA,2.207,5.763,111.715,13.957,-4.977,NA,7.835,9.908,5.177,45.117,-80.995,1.528,14.531,15.557,23.424,-219.293,48.85,60.844,NA,20.451,8.4,-28.43,-2.741,11.601,35.983,30.034,14.184,142.022,3.641,0.831,4.4,45.947,15.83,82.689,15.881,NA,24.369,55.23,25.093,2.585,6.248,7.334,5.201,3.242,9.425,13.188,-2.27,79.623,6.381,12.379,15.323,6.713,NA,-113.525,13.185,3.87,13.965,NA,11.934,1.705,11.614,-9.849,23.083,53.282,NA
 ,,,,,,,,,,,,,,,,,,,,,,,,,,,,,,,,,,,,,,,,,,,,,,,,,,,,,,,,,,,,,,,,,,,,,,,,,,,,,,,,,,,,,,,,,,,,,,,,,,,,,,,,,,,,,,,,,,,,,,,,,,,,,,,,,,,,,,,,,,
Per Share Information ($),,,,,,,,,,,,,,,,,,,,,,,,,,,,,,,,,,,,,,,,,,,,,,,,,,,,,,,,,,,,,,,,,,,,,,,,,,,,,,,,,,,,,,,,,,,,,,,,,,,,,,,,,,,,,,,,,,,,,,,,,,,,,,,,,,,,,,,,,,
Dividends per Share,271522,0.63,NA,2.13,0.25,0.09,NA,NA,NA,NA,NA,0.2,0.91,NA,NA,NA,0.33,NA,NA,NA,NA,NA,NA,NA,0.19,NA,NA,NA,NA,NA,0.11,0.668,NA,NA,0.505,NA,1.005,0.39,NA,0.15,NA,0.16738263,0.308,0.139914435,NA,0.36,NA,0.022512641,0.25,NA,0.15,NA,0.07,0.03,0.28,NA,0.16,NA,NA,NA,0.7,NA,NA,0.005883445,NA,0.6,0.263,NA,NA,0.2,0.283,0.21,NA,0.5,NA,0.395,0.8,0.18,NA,0.158,NA,NA,1.52,NA,0.47,NA,1.5,0.002682311,NA,NA,0.94,NA,0.88,0.012254318,NA,NA,1.73,1.35,NA,0,0.008881527,NA,0.23,NA,0.037575693,0.52,NA,0.955,NA,0.32,NA,0.18,0.268,0.3,0.65,NA,NA,NA,NA,NA,0.08,NA,0.55,NA,0.37,NA,NA,0.62,0.49,NA,NA,0.34,NA,1.02,NA,0.653,0.448,NA
Basic EPS Excl. Extra Items,271515,1.01,(0.00),5.32,0.78,0.05,(0.02),NA,4.661,-0.687,0.012291469,0.646,1.712,-0.002250829,-0.004099166,0.948770245,-0.161,0.228267065,0.005899545,-0.001478744,0.173,0.000198936,NA,2.068,0.497,4.217,NA,2.018,0.203859331,-0.021179027,0.474,0.814,0.002358076,0.115877935,1.636,-0.160941577,1.279,0.917,0.081,3.371,0.054720136,0.134589299,0.324,0.14146904,NA,0.672,0.000455701,0.032656418,2.765,-0.000683194,0.44,-0.796,0.491,0.416,0.209,-0.009569744,0.72,3.325052976,NA,0.120128084,-0.159,-0.02937736,NA,0.024710468,NA,4.922,0.474,-0.003696861,-1.11,0.332,0.3,0.91,NA,0.11,1.153,22.28,3.523,-0.268,-0.002331907,1.008,0.010405009,NA,2.465,-0.006151968,5.312,0.012591173,1.198,0.001355894,-0.001478744,0.001149382,0.999,-0.016306944,1.661,0.106612565,-0.001367106,-1.046,5.518,2.042,0.212733966,0.029182587,-0.006831944,0.159868633,-0.246,0.043671401,0.043041248,4.195,0.005175605,2.341,NA,0.577,0.068668406,1.084,0.517,0.932,1.976,NA,0.015795407,-0.188,0.032482492,-0.000657581,1.976,0.001,0.975,0.293726925,1.301,0.016266187,-0.002049583,0.673,0.917,2.183,NA,1.023,0.012244739,8.285,-0.522,1.167,0.759,NA
Basic EPS,271514,1.01,(0.00),5.32,0.78,0.05,(0.02),NA,4.661,-0.687,0.012291469,0.646,1.712,-0.002250829,-0.004099166,0.948770245,-0.161,0.228267065,0.005899545,-0.001478744,0.173,0.000198936,NA,2.068,0.497,4.217,NA,2.018,0.203859331,-0.021179027,0.474,1.151,0.002358076,0.115877935,1.636,-0.160941577,1.008,0.917,0.081,3.371,0.054720136,0.106578328,0.324,0.14146904,NA,0.672,0.000455701,0.032656418,2.765,-0.000683194,0.44,-0.796,0.491,0.416,0.209,-0.009569744,0.72,3.325052976,NA,0.120128084,-0.159,-0.02937736,NA,0.024710468,NA,4.922,0.474,-0.003696861,-1.11,0.332,0.3,0.91,NA,0.11,1.153,22.28,3.523,-0.268,-0.002331907,1.008,0.010405009,NA,2.465,-0.006151968,5.326,0.012591173,1.766,0.001355894,-0.001478744,0.001149382,0.999,-0.016306944,1.661,0.106612565,-0.001367106,-1.046,5.518,2.042,0.212733966,0.029182587,-0.006831944,0.159868633,-0.246,0.043671401,0.043041248,4.195,0.005175605,2.341,NA,0.577,0.068668406,1.084,0.517,0.932,1.976,NA,0.016911068,-0.188,0.032482492,-0.000657581,1.976,0.001,0.975,0.293726925,1.301,0.016266187,-0.002049583,0.673,0.917,2.183,NA,1.023,0.012244739,8.285,-0.288,1.167,0.759,NA
Diluted EPS Excl. Extra Items,271518,1.00,(0.00),5.28,0.78,0.05,(0.02),NA,4.6,-0.69,0.012291469,0.64,1.7,-0.002250829,-0.004099166,0.948770245,-0.161,0.227979696,0.005899545,-0.001478744,0.17,0.000198936,NA,2.05,0.49,3.611,NA,2.01,0.203859331,-0.021179027,0.47,0.81,0.002358076,0.115877935,1.63,-0.160941577,1.279,0.91,0.08,3.098,0.054720136,0.134589299,0.32,0.139914435,NA,0.67,0.000455701,0.032132868,2.75,-0.000683194,0.44,-0.8,0.49,0.41,0.2,-0.009569744,0.72,3.325052976,NA,0.120128084,-0.16,-0.02937736,NA,0.023533779,NA,4.85,0.47,-0.003696861,-1.11,0.33,0.3,0.9,NA,0.11,1.14,22.113,3.51,-0.27,-0.002331907,0.98,0.010405009,NA,2.45,-0.006151968,5.25,0.012591173,1.195,0.001355894,-0.001478744,0.001149382,0.999,-0.016306944,1.61,0.10293627,-0.001367106,-1.05,5.5,2.041,0.212733966,0.029182587,-0.006831944,0.159868633,-0.25,0.043614905,0.043041248,4.17,0.005175605,2.34,NA,0.56,0.068668406,1,0.517,0.898,1.95,NA,0.015736688,-0.19,0.032482492,-0.000657581,1.953,0.001,0.97,0.288506335,1.29,0.016266187,-0.002049583,0.67,0.91,2.17,NA,1.01,0.012244739,8.285,-0.522,1.167,0.759,NA
Diluted EPS Incl. Extra Items,271517,1.00,(0.00),5.28,0.78,0.05,(0.02),NA,4.6,-0.69,0.012291469,0.64,1.7,-0.002250829,-0.004099166,0.948770245,-0.161,0.227979696,0.005899545,-0.001478744,0.17,0.000198936,NA,2.05,0.49,3.611,NA,2.01,0.203859331,-0.021179027,0.47,1.146,0.002358076,0.115877935,1.63,-0.160941577,1.008,0.91,0.08,3.098,0.054720136,0.106578328,0.32,0.139914435,NA,0.67,0.000455701,0.032132868,2.75,-0.000683194,0.44,-0.8,0.49,0.41,0.2,-0.009569744,0.72,3.325052976,NA,0.120128084,-0.16,-0.02937736,NA,0.023533779,NA,4.85,0.47,-0.003696861,-1.11,0.33,0.3,0.9,NA,0.11,1.14,22.113,3.51,-0.27,-0.002331907,0.98,0.010405009,NA,2.45,-0.006151968,5.264,0.012591173,1.763,0.001355894,-0.001478744,0.001149382,0.999,-0.016306944,1.61,0.10293627,-0.001367106,-1.05,5.5,2.041,0.212733966,0.029182587,-0.006831944,0.159868633,-0.25,0.043614905,0.043041248,4.17,0.005175605,2.34,NA,0.56,0.068668406,1,0.517,0.898,1.95,NA,0.01679363,-0.19,0.032482492,-0.000657581,1.953,0.001,0.97,0.288506335,1.29,0.016266187,-0.002049583,0.67,0.91,2.17,NA,1.01,0.012244739,8.285,-0.288,1.167,0.759,NA
Weighted Avg. Basic Shares Out. (actual),271516,"262,200,000","516,281,875","534,000,000","312,000,000","1,179,894,000","3,250,000",NA,58731000,602200000,2100000000,240000000,283887000,1957258000,211189743,25530098,480600000,7167602,13763848,110233610,66530000,15000000000,NA,75300000,630309000,168452107,NA,51097000,97600000,77020730,2054000000,835200000,342196217,17362500,139757000,18293333,770000000,122600000,123739020,361462000,1186381075,24492000,3095500000,76228014,NA,995000000,157730000,332290686,37982580,769047619,3990000000,51840000,353600000,454000000,844000000,129499299,904000000,88727000,NA,668614555,138600000,108172940,NA,1622300000,NA,276910000,989000000,353372030,225300000,1406200000,2247000000,722000000,NA,127000000,23381294,243900000,660000000,594000000,15184295,283600000,920878000,NA,730900000,63853170,144200000,158218286,552700000,228467360,45657952,311302000,1786000000,92146274,167400000,15949691,135726486,76984000,152600000,227700000,3400260,17576662,141919191,39146158,413900000,21513366,243846903,91300000,111490931,448100000,NA,2685000000,1314508000,901200000,698000000,32386500,57400000,NA,889871000,255000000,828750000,121360225,238019000,26559205726,1462200000,8183000,56100000,139740857,262969400,68265000,507578576,60000000,NA,104500000,5945426,369000000,74863000,4207000000,1219465000,NA
Weighted Avg. Diluted Shares Out. (actual),271519,"263,100,000","516,281,875","538,000,000","312,000,000","1,182,007,000","3,250,000",NA,59479000,602200000,2100000000,243000000,285340000,1957258000,211189743,25530098,480600000,7167602,13763848,110233610,67747000,15000000000,NA,76100000,633051000,197144874,NA,51428000,97600000,77020730,2059000000,835500000,342196217,17362500,140616000,18293333,770000000,123500000,123991589,393883000,1186835895,24551000,3115400000,76408281,NA,996000000,157730000,338115686,38222949,769047619,4029000000,51840000,356500000,457000000,859000000,129499299,907000000,88727000,NA,668614555,138600000,108172940,NA,1632900000,NA,280961000,996000000,353372030,225300000,1417000000,2247000000,733000000,NA,129000000,23629779,245800000,662000000,594000000,15184295,290900000,920878000,NA,735500000,63853170,145900000,158218286,552700000,228467360,45657952,311302000,1786000000,92146274,172600000,16536908,135726486,76984000,153200000,228300000,3400260,17576662,141919191,39146158,413900000,21513366,244069699,91900000,111490931,449000000,NA,2747000000,1314508000,975300000,698000000,33768000,58100000,NA,895260000,255000000,828750000,121360225,240882000,26559205726,1474200000,8183000,56600000,139740857,262969400,68419000,510383149,60000000,NA,105600000,5945426,369000000,74863000,4211000000,1225781000,NA
,,,,,,,,,,,,,,,,,,,,,,,,,,,,,,,,,,,,,,,,,,,,,,,,,,,,,,,,,,,,,,,,,,,,,,,,,,,,,,,,,,,,,,,,,,,,,,,,,,,,,,,,,,,,,,,,,,,,,,,,,,,,,,,,,,,,,,,,,,
